combination_id,num_layers,layers_list,mse,rmse,absrel,lg10,mae,delta1,delta2,delta3
0,0,baseline,0.059881,0.214166,0.050264,0.021848,0.136463,0.973780,0.995971,0.999088
1,1,layer4.0.conv1,0.060025,0.213164,0.050765,0.021591,0.132328,0.971195,0.995146,0.998858
2,1,layer4.0.conv2,0.058246,0.210335,0.049887,0.021229,0.129888,0.971912,0.995356,0.998941
3,1,layer4.1.conv1,0.062238,0.218552,0.052255,0.022235,0.136815,0.970716,0.994986,0.998920
4,1,layer4.1.conv2,0.062149,0.217690,0.051634,0.022044,0.135942,0.971354,0.995241,0.998919
5,2,layer4.0.conv1|layer4.0.conv2,0.119356,0.288550,0.068430,0.029877,0.195908,0.955885,0.993442,0.998515
6,2,layer4.0.conv1|layer4.1.conv1,0.077292,0.246588,0.066828,0.027714,0.164563,0.959190,0.993024,0.998409
7,2,layer4.0.conv2|layer4.1.conv1,0.092223,0.270601,0.073856,0.030738,0.186018,0.953778,0.991618,0.998053
8,2,layer4.0.conv1|layer4.1.conv2,0.071577,0.234617,0.058005,0.024355,0.150716,0.966271,0.994187,0.998620
9,2,layer4.0.conv2|layer4.1.conv2,0.070708,0.233684,0.057235,0.024371,0.149763,0.966688,0.994217,0.998717
10,2,layer4.1.conv1|layer4.1.conv2,0.233590,0.409558,0.103124,0.044762,0.300065,0.897724,0.985129,0.996871
11,3,layer4.0.conv1|layer4.0.conv2|layer4.1.conv1,0.221528,0.390186,0.106492,0.044374,0.282797,0.893602,0.983867,0.996601
12,3,layer4.0.conv1|layer4.0.conv2|layer4.1.conv2,0.173412,0.341920,0.082673,0.035944,0.242102,0.935536,0.990912,0.998087
13,3,layer4.0.conv1|layer4.1.conv1|layer4.1.conv2,0.280982,0.450653,0.113554,0.049293,0.335127,0.871195,0.983432,0.996137
14,3,layer4.0.conv2|layer4.1.conv1|layer4.1.conv2,0.399483,0.533102,0.139117,0.059830,0.400968,0.810652,0.969849,0.992726
15,4,layer4.0.conv1|layer4.0.conv2|layer4.1.conv1|layer4.1.conv2,0.601252,0.635883,0.164404,0.071751,0.483051,0.743217,0.944024,0.990531
